Brb,13/09/2011 07:23:04
BRB1,01/09/2011 22:16:52
BRB10,10/10/2015 19:38:29
BRB11,01/01/0001 00:00:00
BRB12,01/01/0001 00:00:00
BRB13,01/01/0001 00:00:00
BRB14,01/01/0001 00:00:00
BRB15,01/01/0001 00:00:00
BRB16,01/01/0001 00:00:00
BRB17,01/01/0001 00:00:00
BRB18,01/01/0001 00:00:00
BRB19,01/01/0001 00:00:00
BRB2,09/12/2012 17:19:46
BRB20,01/01/0001 00:00:00
BRB21,01/01/0001 00:00:00
BRB22,01/01/0001 00:00:00
BRB23,01/01/0001 00:00:00
BRB24,01/01/0001 00:00:00
BRB25,01/01/0001 00:00:00
BRB26,01/01/0001 00:00:00
BRB27,01/01/0001 00:00:00
BRB28,01/01/0001 00:00:00
BRB29,01/01/0001 00:00:00
BRB3,29/03/2015 10:16:05
BRB30,01/01/0001 00:00:00
BRB31,01/01/0001 00:00:00
BRB32,01/01/0001 00:00:00
BRB33,01/01/0001 00:00:00
BRB34,01/01/0001 00:00:00
BRB35,01/01/0001 00:00:00
BRB36,01/01/0001 00:00:00
BRB37,01/01/0001 00:00:00
BRB38,01/01/0001 00:00:00
BRB39,01/01/0001 00:00:00
BRB4,09/12/2012 16:21:46
BRB40,01/01/0001 00:00:00
BRB41,01/01/0001 00:00:00
BRB42,01/01/0001 00:00:00
BRB43,01/01/0001 00:00:00
BRB44,01/01/0001 00:00:00
BRB45,01/01/0001 00:00:00
BRB46,01/01/0001 00:00:00
BRB47,01/01/0001 00:00:00
BRB48,01/01/0001 00:00:00
BRB49,01/01/0001 00:00:00
BRB5,10/04/2014 14:50:32
BRB50,01/01/0001 00:00:00
BRB51,01/01/0001 00:00:00
BRB52,01/01/0001 00:00:00
BRB53,01/01/0001 00:00:00
BRB54,01/01/0001 00:00:00
BRB55,01/01/0001 00:00:00
BRB56,01/01/0001 00:00:00
BRB57,01/01/0001 00:00:00
BRB58,01/01/0001 00:00:00
BRB59,01/01/0001 00:00:00
BRB6,21/02/2013 15:16:54
BRB60,01/01/0001 00:00:00
BRB61,01/01/0001 00:00:00
BRB62,01/01/0001 00:00:00
BRB63,01/01/0001 00:00:00
BRB64,01/01/0001 00:00:00
BRB65,01/01/0001 00:00:00
BRB66,01/01/0001 00:00:00
BRB67,01/01/0001 00:00:00
BRB68,01/01/0001 00:00:00
BRB69,01/01/0001 00:00:00
BRB7,29/03/2015 10:13:37
BRB70,01/01/0001 00:00:00
BRB71,01/01/0001 00:00:00
BRB72,01/01/0001 00:00:00
BRB73,01/01/0001 00:00:00
BRB74,01/01/0001 00:00:00
BRB75,01/01/0001 00:00:00
BRB76,01/01/0001 00:00:00
BRB77,01/01/0001 00:00:00
BRB78,01/01/0001 00:00:00
BRB79,01/01/0001 00:00:00
BRB8,10/04/2014 14:50:32
BRB80,01/01/0001 00:00:00
BRB81,01/01/0001 00:00:00
BRB82,01/01/0001 00:00:00
BRB83,01/01/0001 00:00:00
BRB84,01/01/0001 00:00:00
BRB85,01/01/0001 00:00:00
BRB86,01/01/0001 00:00:00
BRB87,01/01/0001 00:00:00
BRB88,01/01/0001 00:00:00
BRB89,01/01/0001 00:00:00
BRB9,11/06/2015 14:27:36
BRB90,01/01/0001 00:00:00
BRB91,01/01/0001 00:00:00
BRB92,01/01/0001 00:00:00
BRB93,01/01/0001 00:00:00
BRB94,01/01/0001 00:00:00
BRB95,01/01/0001 00:00:00
BRB96,01/01/0001 00:00:00
BRB97,01/01/0001 00:00:00
BRB98,01/01/0001 00:00:00
BRB99,01/01/0001 00:00:00
Logo BRB,21/10/2013 10:33:22
